doctor_id,name,specialization,phone_contact
116,Shell,Infectious disease,shell@gmail.com
752,Regina,Oncologist,regina@gmail.com
957,Sissy,Otolaryngologists,sissy@gmail.com
217,Celestyna,Cardiology,celestyna@gmail.com
100,Thalia,Emergency Medicine,thalia@gmail.com
708,Brynna,Surgery,brynna@gmail.com
262,Maye,Pulmonologists,maye@gmail.com
378,Concettina,Hospice and Palliative Care,concettina@gmail.com
910,Minda,Anesthesiology,minda@gmail.com
740,Charissa,Nephrology,charissa@gmail.com
995,Lanae,Neurology,lanae@gmail.com
907,Ida,Oncologist,ida@gmail.com
688,Constance,Otolaryngologists,constance@gmail.com
117,Karena,Otolaryngologists,karena@gmail.com
602,Tabbatha,Anesthesiology,tabbatha@gmail.com
262,Lanna,Radiology,lanna@gmail.com
811,Lucille,Dermatology,lucille@gmail.com
589,Calla,Dermatology,calla@gmail.com
634,Jacenta,Radiology,jacenta@gmail.com
188,Shaine,Anesthesiology,shaine@gmail.com
349,Edee,Geriatrician,edee@gmail.com
555,Misha,Endocrinologist,misha@gmail.com
715,Hope,Emergency Medicine,hope@gmail.com
885,Lilith,Allergists,lilith@gmail.com
317,Corina,Pulmonologists,corina@gmail.com
933,Ernesta,Psychiatry,ernesta@gmail.com
447,Asia,Internists,asia@gmail.com
615,Sonni,Surgery,sonni@gmail.com
250,Morganica,Pediatrics,morganica@gmail.com
692,Nariko,Internists,nariko@gmail.com
303,Sherrie,Infectious disease,sherrie@gmail.com
339,Brandise,Internists,brandise@gmail.com
306,Georgina,Geriatrician,georgina@gmail.com
837,Beatriz,Allergists,beatriz@gmail.com
416,Jere,Neurology,jere@gmail.com
438,Iseabal,Gastroenterology,iseabal@gmail.com
889,Paola,Infectious disease,paola@gmail.com
955,Gretal,Emergency Medicine,gretal@gmail.com
730,Luci,Emergency Medicine,luci@gmail.com
667,Gloria,Geriatrician,gloria@gmail.com
276,Nelle,Endocrinologist,nelle@gmail.com
645,Asia,Otolaryngologists,asia@gmail.com
722,Catrina,Obstetric Anesthesiologists,catrina@gmail.com
716,Misha,Anesthesiology,misha@gmail.com
911,Lorne,Neurology,lorne@gmail.com
938,Hermione,Pulmonologists,hermione@gmail.com
117,Moyna,Surgery,moyna@gmail.com
350,Estell,Otolaryngologists,estell@gmail.com
272,Nikki,Oncologist,nikki@gmail.com
770,Karly,Emergency Medicine,karly@gmail.com
491,Jinny,Infectious disease,jinny@gmail.com
771,Karena,Internists,karena@gmail.com
183,Shauna,Psychiatry,shauna@gmail.com
165,Monika,Psychiatry,monika@gmail.com
492,Berta,Cardiology,berta@gmail.com
527,Cristabel,Cardiology,cristabel@gmail.com
359,Hollie,Anesthesiology,hollie@gmail.com
664,Flo,Geriatrician,flo@gmail.com
391,Annabela,Oncologist,annabela@gmail.com
434,Verla,Otolaryngologists,verla@gmail.com
875,Marjie,Endocrinologist,marjie@gmail.com
468,Tamqrah,Radiology,tamqrah@gmail.com
734,Chrystel,Otolaryngologists,chrystel@gmail.com
373,Delilah,Ophthalmology,delilah@gmail.com
843,Leeanne,Pulmonologists,leeanne@gmail.com
853,Elka,Hospice and Palliative Care,elka@gmail.com
158,Chere,Nephrology,chere@gmail.com
720,Jere,Neurology,jere@gmail.com
548,Karlee,Critical Care Medicine,karlee@gmail.com
423,Carree,Allergists,carree@gmail.com
432,Lorie,Critical Care Medicine,lorie@gmail.com
611,Shell,Gastroenterology,shell@gmail.com
194,Phedra,Surgery,phedra@gmail.com
892,Brynna,Cardiology,brynna@gmail.com
696,Alejandra,Endocrinologist,alejandra@gmail.com
565,Dione,Psychiatry,dione@gmail.com
778,Brana,Dermatology,brana@gmail.com
612,Krystle,Pediatrics,krystle@gmail.com
894,Helsa,Emergency Medicine,helsa@gmail.com
328,Atlanta,Infectious disease,atlanta@gmail.com
870,Johna,Obstetric Anesthesiologists,johna@gmail.com
344,Aurore,Gastroenterology,aurore@gmail.com
705,Rosene,Obstetric Anesthesiologists,rosene@gmail.com
607,Jenilee,Internists,jenilee@gmail.com
168,Mellicent,Otolaryngologists,mellicent@gmail.com
539,Hallie,Neurology,hallie@gmail.com
892,Annabela,Oncologist,annabela@gmail.com
113,Shaylyn,Radiology,shaylyn@gmail.com
947,Allis,Endocrinologist,allis@gmail.com
707,Cassandra,Pulmonologists,cassandra@gmail.com
757,Mariele,Neurology,mariele@gmail.com
539,Jillayne,Allergists,jillayne@gmail.com
729,Louella,Cardiology,louella@gmail.com
213,Sidoney,Hospice and Palliative Care,sidoney@gmail.com
466,Ninnetta,Pediatrics,ninnetta@gmail.com
856,Arabel,Oncologist,arabel@gmail.com
939,Melodie,Oncologist,melodie@gmail.com
288,Frank,Endocrinologist,frank@gmail.com
227,Millie,Neurology,millie@gmail.com
270,Brooks,Allergists,brooks@gmail.com
920,Nerta,Otolaryngologists,nerta@gmail.com
332,Jinny,Neurology,jinny@gmail.com
798,Vere,Allergists,vere@gmail.com
509,Hope,Pediatrics,hope@gmail.com
920,Barbi,Surgery,barbi@gmail.com
940,Yolane,Ophthalmology,yolane@gmail.com
483,Kellen,Nephrology,kellen@gmail.com
258,Joeann,Cardiology,joeann@gmail.com
284,Ketti,Oncologist,ketti@gmail.com
537,Carmela,Anesthesiology,carmela@gmail.com
170,Quintina,Oncologist,quintina@gmail.com
156,Claudina,Infectious disease,claudina@gmail.com
707,Sissy,Pediatrics,sissy@gmail.com
713,Morganica,Nephrology,morganica@gmail.com
110,Maud,Cardiology,maud@gmail.com
288,Dominga,Radiology,dominga@gmail.com
706,Robbi,Dermatology,robbi@gmail.com
543,Orelia,Radiology,orelia@gmail.com
362,Charissa,Internists,charissa@gmail.com
104,Cacilie,Emergency Medicine,cacilie@gmail.com
625,Beverley,Endocrinologist,beverley@gmail.com
286,Arlina,Radiology,arlina@gmail.com
679,Debee,Otolaryngologists,debee@gmail.com
801,Brooks,Dermatology,brooks@gmail.com
120,Lilith,Dermatology,lilith@gmail.com
359,Katharina,Anesthesiology,katharina@gmail.com
262,Adele,Cardiology,adele@gmail.com
414,Joeann,Otolaryngologists,joeann@gmail.com
545,Oona,Pediatrics,oona@gmail.com
485,Tera,Otolaryngologists,tera@gmail.com
802,Kial,Allergists,kial@gmail.com
328,Anallese,Endocrinologist,anallese@gmail.com
930,Raf,Family Medicine,raf@gmail.com
890,Fredericka,Internists,fredericka@gmail.com
700,Katleen,Ophthalmology,katleen@gmail.com
640,Rani,Radiology,rani@gmail.com
634,Britni,Oncologist,britni@gmail.com
364,Aurelie,Nephrology,aurelie@gmail.com
886,Calla,Gastroenterology,calla@gmail.com
519,Maryellen,Endocrinologist,maryellen@gmail.com
202,Di,Pulmonologists,di@gmail.com
883,Teriann,Psychiatry,teriann@gmail.com
747,Elie,Ophthalmology,elie@gmail.com
472,Mildrid,Oncologist,mildrid@gmail.com
269,Cathyleen,Family Medicine,cathyleen@gmail.com
459,Alex,Pediatrics,alex@gmail.com
785,Shandie,Radiology,shandie@gmail.com
495,Aeriela,Otolaryngologists,aeriela@gmail.com
452,Minne,Critical Care Medicine,minne@gmail.com
470,Etta,Family Medicine,etta@gmail.com
314,Ernesta,Nephrology,ernesta@gmail.com
566,Leontine,Surgery,leontine@gmail.com
491,Ivett,Infectious disease,ivett@gmail.com
879,Micheline,Ophthalmology,micheline@gmail.com
348,Modestia,Anesthesiology,modestia@gmail.com
194,Valli,Neurology,valli@gmail.com
580,Lynnea,Internists,lynnea@gmail.com
760,Orsola,Oncologist,orsola@gmail.com
728,Eugine,Gastroenterology,eugine@gmail.com
829,Molli,Anesthesiology,molli@gmail.com
559,Ottilie,Otolaryngologists,ottilie@gmail.com
934,Lorie,Neurology,lorie@gmail.com
235,Mariann,Radiology,mariann@gmail.com
256,Inga,Hospice and Palliative Care,inga@gmail.com
449,Harmonia,Infectious disease,harmonia@gmail.com
924,Roslyn,Surgery,roslyn@gmail.com
915,Marti,Pulmonologists,marti@gmail.com
956,Merry,Pulmonologists,merry@gmail.com
745,Lenna,Pediatrics,lenna@gmail.com
236,Morganica,Radiology,morganica@gmail.com
617,Charissa,Geriatrician,charissa@gmail.com
832,Ulrike,Infectious disease,ulrike@gmail.com
241,Merci,Allergists,merci@gmail.com
931,Micheline,Otolaryngologists,micheline@gmail.com
439,Noelle,Gastroenterology,noelle@gmail.com
499,Karlee,Anesthesiology,karlee@gmail.com
159,Georgetta,Infectious disease,georgetta@gmail.com
428,Moyna,Pulmonologists,moyna@gmail.com
956,Frank,Critical Care Medicine,frank@gmail.com
803,Bernardine,Otolaryngologists,bernardine@gmail.com
648,Marcelline,Psychiatry,marcelline@gmail.com
540,Talya,Otolaryngologists,talya@gmail.com
117,Alex,Dermatology,alex@gmail.com
831,Trudie,Cardiology,trudie@gmail.com
345,Phedra,Dermatology,phedra@gmail.com
417,Molli,Allergists,molli@gmail.com
157,Mellicent,Infectious disease,mellicent@gmail.com
603,Christal,Pulmonologists,christal@gmail.com
245,Mahalia,Surgery,mahalia@gmail.com
164,Alyssa,Emergency Medicine,alyssa@gmail.com
260,Dorthy,Gastroenterology,dorthy@gmail.com
656,Merrie,Ophthalmology,merrie@gmail.com
338,Taffy,Neurology,taffy@gmail.com
605,Jean,Ophthalmology,jean@gmail.com
552,Florencia,Oncologist,florencia@gmail.com
748,Nanete,Oncologist,nanete@gmail.com
776,Carilyn,Otolaryngologists,carilyn@gmail.com
153,Chastity,Radiology,chastity@gmail.com
888,Grier,Dermatology,grier@gmail.com
565,Rozele,Neurology,rozele@gmail.com
526,Karly,Internists,karly@gmail.com
473,Dulcinea,Dermatology,dulcinea@gmail.com
714,Brianna,Dermatology,brianna@gmail.com
947,Margalo,Otolaryngologists,margalo@gmail.com
290,Bernie,Anesthesiology,bernie@gmail.com
984,Dacia,Gastroenterology,dacia@gmail.com
808,Max,Dermatology,max@gmail.com
829,Agnese,Pediatrics,agnese@gmail.com
610,Yvonne,Radiology,yvonne@gmail.com
569,Corina,Otolaryngologists,corina@gmail.com
163,Candi,Critical Care Medicine,candi@gmail.com
680,Emma,Emergency Medicine,emma@gmail.com
566,Hallie,Allergists,hallie@gmail.com
484,Nanete,Hospice and Palliative Care,nanete@gmail.com
534,Pierette,Pediatrics,pierette@gmail.com
165,Deane,Anesthesiology,deane@gmail.com
583,Gabi,Nephrology,gabi@gmail.com
935,Misha,Oncologist,misha@gmail.com
479,Madeleine,Critical Care Medicine,madeleine@gmail.com
210,Dorene,Nephrology,dorene@gmail.com
852,Dennie,Obstetric Anesthesiologists,dennie@gmail.com
650,Genevra,Oncologist,genevra@gmail.com
600,Philis,Internists,philis@gmail.com
678,Dania,Infectious disease,dania@gmail.com
704,Sybille,Infectious disease,sybille@gmail.com
363,Joleen,Gastroenterology,joleen@gmail.com
854,Talya,Emergency Medicine,talya@gmail.com
586,Desirae,Gastroenterology,desirae@gmail.com
198,Tilly,Cardiology,tilly@gmail.com
990,Vanessa,Gastroenterology,vanessa@gmail.com
975,Hettie,Allergists,hettie@gmail.com
439,Daune,Ophthalmology,daune@gmail.com
332,Valli,Radiology,valli@gmail.com
869,Aili,Otolaryngologists,aili@gmail.com
282,Cherilyn,Oncologist,cherilyn@gmail.com
149,Krystle,Obstetric Anesthesiologists,krystle@gmail.com
924,Andeee,Ophthalmology,andeee@gmail.com
124,Steffane,Nephrology,steffane@gmail.com
644,Corina,Nephrology,corina@gmail.com
769,Corry,Geriatrician,corry@gmail.com
638,Flo,Radiology,flo@gmail.com
105,Lynea,Emergency Medicine,lynea@gmail.com
787,Taffy,Otolaryngologists,taffy@gmail.com
632,Melina,Emergency Medicine,melina@gmail.com
794,Henriette,Cardiology,henriette@gmail.com
652,Jessy,Oncologist,jessy@gmail.com
161,Jolyn,Gastroenterology,jolyn@gmail.com
539,Gianina,Obstetric Anesthesiologists,gianina@gmail.com
821,Farrah,Geriatrician,farrah@gmail.com
226,Minda,Obstetric Anesthesiologists,minda@gmail.com
731,Joane,Neurology,joane@gmail.com
218,Carree,Geriatrician,carree@gmail.com
419,Livvyy,Infectious disease,livvyy@gmail.com
457,Siana,Oncologist,siana@gmail.com
327,Heddie,Psychiatry,heddie@gmail.com
749,Charlena,Critical Care Medicine,charlena@gmail.com
905,Minne,Dermatology,minne@gmail.com
736,Candi,Oncologist,candi@gmail.com
801,Dominga,Pulmonologists,dominga@gmail.com
848,Tina,Otolaryngologists,tina@gmail.com
369,Nannie,Oncologist,nannie@gmail.com
714,Nerta,Internists,nerta@gmail.com
712,Emmey,Oncologist,emmey@gmail.com
598,Fanchon,Pediatrics,fanchon@gmail.com
668,Jessamyn,Infectious disease,jessamyn@gmail.com
527,Jacquetta,Ophthalmology,jacquetta@gmail.com
826,Rosene,Psychiatry,rosene@gmail.com
974,Laure,Radiology,laure@gmail.com
431,Ermengarde,Oncologist,ermengarde@gmail.com
853,Goldie,Ophthalmology,goldie@gmail.com
707,Karolina,Internists,karolina@gmail.com
538,Gisela,Endocrinologist,gisela@gmail.com
866,Cathyleen,Emergency Medicine,cathyleen@gmail.com
133,Adelle,Internists,adelle@gmail.com
802,Shirlee,Pulmonologists,shirlee@gmail.com
881,Carmencita,Psychiatry,carmencita@gmail.com
335,Romona,Surgery,romona@gmail.com
816,Linet,Gastroenterology,linet@gmail.com
773,Heddie,Family Medicine,heddie@gmail.com
247,Nyssa,Internists,nyssa@gmail.com
715,Doro,Obstetric Anesthesiologists,doro@gmail.com
572,Catrina,Endocrinologist,catrina@gmail.com
760,Basia,Allergists,basia@gmail.com
923,Hope,Anesthesiology,hope@gmail.com
504,Averyl,Dermatology,averyl@gmail.com
884,Randa,Dermatology,randa@gmail.com
269,Emmey,Endocrinologist,emmey@gmail.com
822,Elise,Dermatology,elise@gmail.com
379,Roz,Hospice and Palliative Care,roz@gmail.com
912,Hallie,Pediatrics,hallie@gmail.com
189,Max,Family Medicine,max@gmail.com
810,Wendi,Otolaryngologists,wendi@gmail.com
209,Nicoli,Oncologist,nicoli@gmail.com
506,Annora,Gastroenterology,annora@gmail.com
557,Peri,Internists,peri@gmail.com
806,Melisent,Emergency Medicine,melisent@gmail.com
916,Ninnetta,Ophthalmology,ninnetta@gmail.com
113,Rubie,Infectious disease,rubie@gmail.com
574,Ronna,Infectious disease,ronna@gmail.com
219,Estell,Emergency Medicine,estell@gmail.com
221,Daryl,Surgery,daryl@gmail.com
598,Leanna,Internists,leanna@gmail.com
566,Nanete,Family Medicine,nanete@gmail.com
844,Tybie,Obstetric Anesthesiologists,tybie@gmail.com
799,Fina,Pulmonologists,fina@gmail.com
884,Brooks,Oncologist,brooks@gmail.com
162,Beth,Geriatrician,beth@gmail.com
728,Minda,Infectious disease,minda@gmail.com
119,Flory,Nephrology,flory@gmail.com
786,Marnia,Psychiatry,marnia@gmail.com
569,Elora,Pulmonologists,elora@gmail.com
777,Aimil,Dermatology,aimil@gmail.com
708,Mildrid,Infectious disease,mildrid@gmail.com
819,Nanete,Pediatrics,nanete@gmail.com
629,Ada,Pulmonologists,ada@gmail.com
101,Mireielle,Allergists,mireielle@gmail.com
545,Mariann,Neurology,mariann@gmail.com
598,Ernesta,Cardiology,ernesta@gmail.com
334,Orelia,Gastroenterology,orelia@gmail.com
593,Sara-Ann,Pediatrics,sara-ann@gmail.com
634,Ketti,Otolaryngologists,ketti@gmail.com
596,Sue,Critical Care Medicine,sue@gmail.com
445,Cyb,Hospice and Palliative Care,cyb@gmail.com
498,Carmela,Family Medicine,carmela@gmail.com
361,Sashenka,Pediatrics,sashenka@gmail.com
560,Letizia,Infectious disease,letizia@gmail.com
994,Cristabel,Oncologist,cristabel@gmail.com
252,Quintina,Anesthesiology,quintina@gmail.com
723,Katleen,Nephrology,katleen@gmail.com
181,Britte,Pulmonologists,britte@gmail.com
830,Julieta,Allergists,julieta@gmail.com
689,Juliane,Nephrology,juliane@gmail.com
133,Cyndie,Pediatrics,cyndie@gmail.com
785,Gertrud,Hospice and Palliative Care,gertrud@gmail.com
761,Jobi,Surgery,jobi@gmail.com
194,Florie,Surgery,florie@gmail.com
534,Genovera,Psychiatry,genovera@gmail.com
515,Chickie,Cardiology,chickie@gmail.com
974,Robbi,Allergists,robbi@gmail.com
388,Danika,Ophthalmology,danika@gmail.com
450,Evita,Family Medicine,evita@gmail.com
738,Hollie,Cardiology,hollie@gmail.com
399,Madeleine,Anesthesiology,madeleine@gmail.com
274,Fawne,Ophthalmology,fawne@gmail.com
902,Tressa,Geriatrician,tressa@gmail.com
312,Kimmy,Gastroenterology,kimmy@gmail.com
672,Gerianna,Neurology,gerianna@gmail.com
827,Lanae,Obstetric Anesthesiologists,lanae@gmail.com
975,Netty,Obstetric Anesthesiologists,netty@gmail.com
171,Meriel,Radiology,meriel@gmail.com
184,Clementine,Cardiology,clementine@gmail.com
335,Leeanne,Radiology,leeanne@gmail.com
502,Nikki,Oncologist,nikki@gmail.com
878,Ann-Marie,Dermatology,ann-marie@gmail.com
499,Talya,Radiology,talya@gmail.com
822,Addia,Nephrology,addia@gmail.com
885,Loree,Critical Care Medicine,loree@gmail.com
448,Laurene,Ophthalmology,laurene@gmail.com
338,Sashenka,Pediatrics,sashenka@gmail.com
124,Quintina,Anesthesiology,quintina@gmail.com
936,Carolina,Neurology,carolina@gmail.com
204,Dyann,Cardiology,dyann@gmail.com
820,Christal,Neurology,christal@gmail.com
173,Charissa,Oncologist,charissa@gmail.com
222,Zia,Family Medicine,zia@gmail.com
398,Misha,Pediatrics,misha@gmail.com
189,Margette,Cardiology,margette@gmail.com
680,Marinna,Ophthalmology,marinna@gmail.com
100,Jinny,Surgery,jinny@gmail.com
859,Tomasina,Psychiatry,tomasina@gmail.com
952,Ingrid,Psychiatry,ingrid@gmail.com
249,Nataline,Family Medicine,nataline@gmail.com
461,Mady,Family Medicine,mady@gmail.com
940,Harmonia,Emergency Medicine,harmonia@gmail.com
420,Anestassia,Family Medicine,anestassia@gmail.com
560,Marylou,Oncologist,marylou@gmail.com
628,Shell,Critical Care Medicine,shell@gmail.com
967,Katuscha,Dermatology,katuscha@gmail.com
594,Gilda,Dermatology,gilda@gmail.com
638,Joeann,Radiology,joeann@gmail.com
672,Charissa,Hospice and Palliative Care,charissa@gmail.com
596,Dede,Nephrology,dede@gmail.com
470,Cherrita,Neurology,cherrita@gmail.com
856,Briney,Obstetric Anesthesiologists,briney@gmail.com
863,Dione,Gastroenterology,dione@gmail.com
657,Ebonee,Anesthesiology,ebonee@gmail.com
933,Monika,Infectious disease,monika@gmail.com
495,Kirbee,Allergists,kirbee@gmail.com
377,Marsiella,Critical Care Medicine,marsiella@gmail.com
890,Vivia,Geriatrician,vivia@gmail.com
598,Frank,Obstetric Anesthesiologists,frank@gmail.com
866,Sam,Obstetric Anesthesiologists,sam@gmail.com
145,Kerrin,Geriatrician,kerrin@gmail.com
883,Maurene,Ophthalmology,maurene@gmail.com
272,Cyb,Ophthalmology,cyb@gmail.com
617,Cyndie,Allergists,cyndie@gmail.com
338,Ardeen,Pulmonologists,ardeen@gmail.com
662,Nadine,Pediatrics,nadine@gmail.com
955,Karly,Psychiatry,karly@gmail.com
157,Quintina,Oncologist,quintina@gmail.com
358,Gerrie,Otolaryngologists,gerrie@gmail.com
547,Yolane,Emergency Medicine,yolane@gmail.com
398,Paule,Family Medicine,paule@gmail.com
942,Ada,Ophthalmology,ada@gmail.com
939,Sissy,Pediatrics,sissy@gmail.com
135,Gilligan,Surgery,gilligan@gmail.com
485,Emylee,Critical Care Medicine,emylee@gmail.com
477,Ekaterina,Infectious disease,ekaterina@gmail.com
899,Tiffie,Endocrinologist,tiffie@gmail.com
618,Laurene,Ophthalmology,laurene@gmail.com
221,Zia,Emergency Medicine,zia@gmail.com
370,Liana,Gastroenterology,liana@gmail.com
935,Dyann,Hospice and Palliative Care,dyann@gmail.com
141,Dennie,Internists,dennie@gmail.com
968,Kathy,Pediatrics,kathy@gmail.com
605,Shauna,Surgery,shauna@gmail.com
669,Fredericka,Surgery,fredericka@gmail.com
494,Mildrid,Geriatrician,mildrid@gmail.com
944,Elena,Allergists,elena@gmail.com
319,Betta,Anesthesiology,betta@gmail.com
757,Gwyneth,Neurology,gwyneth@gmail.com
254,Moyna,Cardiology,moyna@gmail.com
560,Zsa Zsa,Ophthalmology,zsa zsa@gmail.com
269,Kate,Pulmonologists,kate@gmail.com
255,Harmonia,Nephrology,harmonia@gmail.com
618,Hayley,Pediatrics,hayley@gmail.com
847,Nita,Gastroenterology,nita@gmail.com
826,Kylynn,Allergists,kylynn@gmail.com
139,Aurelie,Surgery,aurelie@gmail.com
378,Wanda,Ophthalmology,wanda@gmail.com
728,Doralynne,Hospice and Palliative Care,doralynne@gmail.com
400,Moyna,Critical Care Medicine,moyna@gmail.com
138,Rosaline,Pulmonologists,rosaline@gmail.com
678,Dacia,Endocrinologist,dacia@gmail.com
745,Kaia,Ophthalmology,kaia@gmail.com
136,Veda,Ophthalmology,veda@gmail.com
768,Giustina,Gastroenterology,giustina@gmail.com
767,Joeann,Obstetric Anesthesiologists,joeann@gmail.com
675,Brietta,Pediatrics,brietta@gmail.com
898,Georgetta,Internists,georgetta@gmail.com
733,Teriann,Hospice and Palliative Care,teriann@gmail.com
816,Shaine,Anesthesiology,shaine@gmail.com
949,Gilligan,Gastroenterology,gilligan@gmail.com
978,Lila,Family Medicine,lila@gmail.com
943,Doro,Obstetric Anesthesiologists,doro@gmail.com
238,Patricia,Family Medicine,patricia@gmail.com
680,Adore,Neurology,adore@gmail.com
355,Romona,Pediatrics,romona@gmail.com
155,Alleen,Pulmonologists,alleen@gmail.com
521,Aeriela,Gastroenterology,aeriela@gmail.com
368,Rhea,Endocrinologist,rhea@gmail.com
816,Zia,Dermatology,zia@gmail.com
239,Frieda,Internists,frieda@gmail.com
691,Andeee,Endocrinologist,andeee@gmail.com
452,Rozele,Critical Care Medicine,rozele@gmail.com
296,Brandise,Cardiology,brandise@gmail.com
287,Ida,Infectious disease,ida@gmail.com
534,Carlie,Ophthalmology,carlie@gmail.com
877,Vevay,Emergency Medicine,vevay@gmail.com
964,Emelina,Critical Care Medicine,emelina@gmail.com
760,Willetta,Gastroenterology,willetta@gmail.com
519,Aaren,Critical Care Medicine,aaren@gmail.com
827,Nonnah,Hospice and Palliative Care,nonnah@gmail.com
967,Jobi,Gastroenterology,jobi@gmail.com
694,Tami,Allergists,tami@gmail.com
161,Shel,Hospice and Palliative Care,shel@gmail.com
466,Hildegaard,Surgery,hildegaard@gmail.com
247,Laurene,Oncologist,laurene@gmail.com
362,Viviene,Gastroenterology,viviene@gmail.com
725,Kary,Internists,kary@gmail.com
663,Maisey,Obstetric Anesthesiologists,maisey@gmail.com
126,Marleah,Gastroenterology,marleah@gmail.com
926,Sashenka,Radiology,sashenka@gmail.com
587,Starla,Neurology,starla@gmail.com
593,Karena,Neurology,karena@gmail.com
265,Joelly,Ophthalmology,joelly@gmail.com
868,Livvyy,Cardiology,livvyy@gmail.com
228,Dagmar,Internists,dagmar@gmail.com
651,Emelina,Family Medicine,emelina@gmail.com
459,Jenilee,Internists,jenilee@gmail.com
977,June,Emergency Medicine,june@gmail.com
800,Hermione,Radiology,hermione@gmail.com
887,Marita,Infectious disease,marita@gmail.com
442,Randa,Dermatology,randa@gmail.com
626,Glynnis,Infectious disease,glynnis@gmail.com
256,Carlie,Dermatology,carlie@gmail.com
861,Cyndie,Dermatology,cyndie@gmail.com
651,Lolita,Family Medicine,lolita@gmail.com
808,Agnese,Gastroenterology,agnese@gmail.com
397,Merry,Internists,merry@gmail.com
913,Kelly,Ophthalmology,kelly@gmail.com
652,Marguerite,Gastroenterology,marguerite@gmail.com
937,Robinia,Cardiology,robinia@gmail.com
858,Jolyn,Infectious disease,jolyn@gmail.com
383,Catrina,Pulmonologists,catrina@gmail.com
738,Emilia,Pediatrics,emilia@gmail.com
792,Leanna,Anesthesiology,leanna@gmail.com
542,Sandie,Infectious disease,sandie@gmail.com
131,Ana,Allergists,ana@gmail.com
475,Mariele,Anesthesiology,mariele@gmail.com
245,Margalo,Infectious disease,margalo@gmail.com
978,Albertina,Emergency Medicine,albertina@gmail.com
389,Max,Infectious disease,max@gmail.com
556,Wileen,Surgery,wileen@gmail.com
141,Harrietta,Anesthesiology,harrietta@gmail.com
849,Florie,Family Medicine,florie@gmail.com
183,Janenna,Radiology,janenna@gmail.com
261,Kylynn,Gastroenterology,kylynn@gmail.com
154,Leanna,Pulmonologists,leanna@gmail.com
886,Lanna,Neurology,lanna@gmail.com
340,Sheelagh,Infectious disease,sheelagh@gmail.com
551,Morganica,Allergists,morganica@gmail.com
879,Minda,Internists,minda@gmail.com
564,Mahalia,Allergists,mahalia@gmail.com
807,Nollie,Anesthesiology,nollie@gmail.com
825,Roberta,Obstetric Anesthesiologists,roberta@gmail.com
106,Constance,Geriatrician,constance@gmail.com
223,Konstance,Gastroenterology,konstance@gmail.com
181,Nessie,Neurology,nessie@gmail.com
534,Marnia,Anesthesiology,marnia@gmail.com
935,Netty,Anesthesiology,netty@gmail.com
612,Tori,Oncologist,tori@gmail.com
746,Gusty,Radiology,gusty@gmail.com
831,Kristina,Internists,kristina@gmail.com
947,Carolina,Pulmonologists,carolina@gmail.com
427,Jeanna,Obstetric Anesthesiologists,jeanna@gmail.com
276,Aubrie,Neurology,aubrie@gmail.com
352,Ellette,Internists,ellette@gmail.com
880,Imojean,Infectious disease,imojean@gmail.com
532,Mureil,Infectious disease,mureil@gmail.com
448,Lita,Ophthalmology,lita@gmail.com
949,Lesly,Ophthalmology,lesly@gmail.com
926,Jenda,Family Medicine,jenda@gmail.com
805,Magdalena,Obstetric Anesthesiologists,magdalena@gmail.com
147,Shaylyn,Ophthalmology,shaylyn@gmail.com
845,Jaclyn,Otolaryngologists,jaclyn@gmail.com
999,Wynne,Infectious disease,wynne@gmail.com
512,Arlina,Pediatrics,arlina@gmail.com
460,Tani,Emergency Medicine,tani@gmail.com
383,Dyann,Radiology,dyann@gmail.com
828,Sheree,Neurology,sheree@gmail.com
820,Michaelina,Neurology,michaelina@gmail.com
179,Petronia,Anesthesiology,petronia@gmail.com
445,Margarette,Psychiatry,margarette@gmail.com
377,Laurene,Pulmonologists,laurene@gmail.com
750,Dode,Obstetric Anesthesiologists,dode@gmail.com
705,Dominga,Critical Care Medicine,dominga@gmail.com
124,Max,Otolaryngologists,max@gmail.com
247,Ursulina,Nephrology,ursulina@gmail.com
522,Asia,Dermatology,asia@gmail.com
115,Ronna,Endocrinologist,ronna@gmail.com
229,Krystle,Nephrology,krystle@gmail.com
118,Vanessa,Otolaryngologists,vanessa@gmail.com
435,Randa,Critical Care Medicine,randa@gmail.com
814,Rani,Gastroenterology,rani@gmail.com
775,Tera,Dermatology,tera@gmail.com
463,Edith,Psychiatry,edith@gmail.com
345,Dorthy,Pediatrics,dorthy@gmail.com
573,Gerianna,Pulmonologists,gerianna@gmail.com
920,Carilyn,Allergists,carilyn@gmail.com
281,Zondra,Radiology,zondra@gmail.com
136,Nita,Geriatrician,nita@gmail.com
857,Bobbi,Oncologist,bobbi@gmail.com
124,Ninnetta,Pulmonologists,ninnetta@gmail.com
930,Lynde,Radiology,lynde@gmail.com
217,Vanessa,Internists,vanessa@gmail.com
408,Pamella,Nephrology,pamella@gmail.com
943,Henriette,Endocrinologist,henriette@gmail.com
716,Zia,Ophthalmology,zia@gmail.com
769,Blondelle,Endocrinologist,blondelle@gmail.com
747,Mureil,Endocrinologist,mureil@gmail.com
742,Gui,Allergists,gui@gmail.com
560,Riannon,Allergists,riannon@gmail.com
683,Nerta,Ophthalmology,nerta@gmail.com
288,Tierney,Cardiology,tierney@gmail.com
486,Janis,Nephrology,janis@gmail.com
779,Nerta,Gastroenterology,nerta@gmail.com
488,Rosanne,Geriatrician,rosanne@gmail.com
558,Adriana,Ophthalmology,adriana@gmail.com
126,Fernande,Ophthalmology,fernande@gmail.com
486,Josephine,Emergency Medicine,josephine@gmail.com
108,Addia,Surgery,addia@gmail.com
500,Verla,Emergency Medicine,verla@gmail.com
191,Britte,Neurology,britte@gmail.com
265,Sophia,Nephrology,sophia@gmail.com
236,Glenda,Neurology,glenda@gmail.com
639,Arabel,Pediatrics,arabel@gmail.com
804,Rivalee,Nephrology,rivalee@gmail.com
365,Ricky,Infectious disease,ricky@gmail.com
764,Lolita,Nephrology,lolita@gmail.com
519,Sarette,Neurology,sarette@gmail.com
954,Grier,Allergists,grier@gmail.com
828,Roxane,Allergists,roxane@gmail.com
581,Myriam,Cardiology,myriam@gmail.com
903,Lindie,Emergency Medicine,lindie@gmail.com
173,Bobinette,Oncologist,bobinette@gmail.com
831,Calla,Hospice and Palliative Care,calla@gmail.com
596,Estell,Geriatrician,estell@gmail.com
971,Moyna,Infectious disease,moyna@gmail.com
197,Ofilia,Pulmonologists,ofilia@gmail.com
386,Selia,Dermatology,selia@gmail.com
838,Michaelina,Dermatology,michaelina@gmail.com
319,Shel,Ophthalmology,shel@gmail.com
214,Gretal,Neurology,gretal@gmail.com
790,Cacilie,Family Medicine,cacilie@gmail.com
365,Nita,Family Medicine,nita@gmail.com
936,Isa,Obstetric Anesthesiologists,isa@gmail.com
745,Verla,Neurology,verla@gmail.com
734,Dotty,Cardiology,dotty@gmail.com
349,Ofilia,Endocrinologist,ofilia@gmail.com
285,Gabriellia,Internists,gabriellia@gmail.com
612,Candi,Dermatology,candi@gmail.com
516,Corene,Oncologist,corene@gmail.com
162,Tiffie,Otolaryngologists,tiffie@gmail.com
405,Correy,Internists,correy@gmail.com
692,Giustina,Radiology,giustina@gmail.com
814,Lorie,Ophthalmology,lorie@gmail.com
423,Adore,Anesthesiology,adore@gmail.com
226,Cyndie,Cardiology,cyndie@gmail.com
752,Glenda,Allergists,glenda@gmail.com
266,Tera,Pulmonologists,tera@gmail.com
664,Emma,Psychiatry,emma@gmail.com
892,Ricky,Obstetric Anesthesiologists,ricky@gmail.com
681,Addia,Obstetric Anesthesiologists,addia@gmail.com
354,Tersina,Neurology,tersina@gmail.com
341,Camile,Oncologist,camile@gmail.com
353,Flory,Allergists,flory@gmail.com
789,Karena,Pulmonologists,karena@gmail.com
563,Chere,Geriatrician,chere@gmail.com
687,Juliane,Dermatology,juliane@gmail.com
786,Claresta,Oncologist,claresta@gmail.com
785,Jaime,Endocrinologist,jaime@gmail.com
746,Jinny,Infectious disease,jinny@gmail.com
860,Ericka,Critical Care Medicine,ericka@gmail.com
742,Maud,Allergists,maud@gmail.com
712,Liana,Internists,liana@gmail.com
556,Stacey,Anesthesiology,stacey@gmail.com
352,Lacie,Internists,lacie@gmail.com
117,Rhea,Anesthesiology,rhea@gmail.com
143,Rebeca,Critical Care Medicine,rebeca@gmail.com
371,Maridel,Allergists,maridel@gmail.com
480,Leontine,Infectious disease,leontine@gmail.com
237,Suzette,Cardiology,suzette@gmail.com
971,Lanna,Internists,lanna@gmail.com
163,Nataline,Emergency Medicine,nataline@gmail.com
495,Annora,Radiology,annora@gmail.com
845,Sheelagh,Ophthalmology,sheelagh@gmail.com
946,Zsa Zsa,Oncologist,zsa zsa@gmail.com
932,Ira,Otolaryngologists,ira@gmail.com
140,Mureil,Surgery,mureil@gmail.com
147,Gusella,Neurology,gusella@gmail.com
665,Ricky,Anesthesiology,ricky@gmail.com
920,Catrina,Hospice and Palliative Care,catrina@gmail.com
951,Priscilla,Obstetric Anesthesiologists,priscilla@gmail.com
691,Wynne,Psychiatry,wynne@gmail.com
914,Ronna,Pediatrics,ronna@gmail.com
993,Sadie,Oncologist,sadie@gmail.com
948,Kirstin,Surgery,kirstin@gmail.com
245,Jerry,Critical Care Medicine,jerry@gmail.com
355,Latisha,Pediatrics,latisha@gmail.com
207,Rayna,Otolaryngologists,rayna@gmail.com
755,Alejandra,Internists,alejandra@gmail.com
521,Frank,Internists,frank@gmail.com
425,Amara,Psychiatry,amara@gmail.com
959,Sharai,Geriatrician,sharai@gmail.com
805,Evita,Surgery,evita@gmail.com
744,Lolita,Obstetric Anesthesiologists,lolita@gmail.com
243,Edith,Surgery,edith@gmail.com
321,Gloria,Endocrinologist,gloria@gmail.com
688,Orsola,Pediatrics,orsola@gmail.com
113,Berta,Radiology,berta@gmail.com
597,Marti,Geriatrician,marti@gmail.com
925,Hyacinthe,Allergists,hyacinthe@gmail.com
909,Jean,Endocrinologist,jean@gmail.com
895,Kary,Radiology,kary@gmail.com
532,Nickie,Surgery,nickie@gmail.com
405,Charmaine,Obstetric Anesthesiologists,charmaine@gmail.com
760,Tersina,Pediatrics,tersina@gmail.com
186,Sidoney,Radiology,sidoney@gmail.com
487,Sidoney,Otolaryngologists,sidoney@gmail.com
786,Hettie,Oncologist,hettie@gmail.com
267,Demetris,Emergency Medicine,demetris@gmail.com
617,Nelle,Endocrinologist,nelle@gmail.com
444,Daryl,Internists,daryl@gmail.com
533,Agathe,Pulmonologists,agathe@gmail.com
566,Halette,Dermatology,halette@gmail.com
497,Tierney,Ophthalmology,tierney@gmail.com
300,Roxane,Endocrinologist,roxane@gmail.com
362,Gavrielle,Endocrinologist,gavrielle@gmail.com
453,Evaleen,Obstetric Anesthesiologists,evaleen@gmail.com
491,Sara-Ann,Otolaryngologists,sara-ann@gmail.com
749,Liana,Otolaryngologists,liana@gmail.com
231,Ida,Family Medicine,ida@gmail.com
851,Bertine,Infectious disease,bertine@gmail.com
927,Ezmeralda,Neurology,ezmeralda@gmail.com
510,Ada,Surgery,ada@gmail.com
993,Sam,Hospice and Palliative Care,sam@gmail.com
636,Chrystel,Ophthalmology,chrystel@gmail.com
1000,Brana,Nephrology,brana@gmail.com
476,Lory,Surgery,lory@gmail.com
481,Carilyn,Dermatology,carilyn@gmail.com
474,Karly,Endocrinologist,karly@gmail.com
224,Dorene,Emergency Medicine,dorene@gmail.com
202,Karlee,Otolaryngologists,karlee@gmail.com
603,Annora,Cardiology,annora@gmail.com
911,Penelopa,Hospice and Palliative Care,penelopa@gmail.com
763,Vonny,Allergists,vonny@gmail.com
347,Jacquetta,Psychiatry,jacquetta@gmail.com
430,Eolanda,Allergists,eolanda@gmail.com
415,Lacie,Infectious disease,lacie@gmail.com
157,Belinda,Gastroenterology,belinda@gmail.com
344,Maryellen,Family Medicine,maryellen@gmail.com
917,Addia,Endocrinologist,addia@gmail.com
964,Roberta,Otolaryngologists,roberta@gmail.com
388,Queenie,Anesthesiology,queenie@gmail.com
433,Beverley,Anesthesiology,beverley@gmail.com
308,Glynnis,Neurology,glynnis@gmail.com
681,Susan,Internists,susan@gmail.com
661,Darlleen,Cardiology,darlleen@gmail.com
115,Joeann,Nephrology,joeann@gmail.com
878,Cassondra,Endocrinologist,cassondra@gmail.com
214,Donetta,Emergency Medicine,donetta@gmail.com
156,Jinny,Emergency Medicine,jinny@gmail.com
242,Blondelle,Gastroenterology,blondelle@gmail.com
284,Lila,Surgery,lila@gmail.com
915,Jessy,Endocrinologist,jessy@gmail.com
309,Sybille,Pediatrics,sybille@gmail.com
179,Justinn,Psychiatry,justinn@gmail.com
126,Kara-Lynn,Radiology,kara-lynn@gmail.com
558,Mariele,Ophthalmology,mariele@gmail.com
530,Jeanna,Critical Care Medicine,jeanna@gmail.com
707,Flo,Oncologist,flo@gmail.com
600,Jsandye,Geriatrician,jsandye@gmail.com
934,Quintina,Ophthalmology,quintina@gmail.com
256,Constance,Dermatology,constance@gmail.com
528,Pierette,Gastroenterology,pierette@gmail.com
612,Barbi,Oncologist,barbi@gmail.com
638,Molli,Hospice and Palliative Care,molli@gmail.com
944,Jolyn,Internists,jolyn@gmail.com
443,Renie,Nephrology,renie@gmail.com
953,Andeee,Surgery,andeee@gmail.com
227,Magdalena,Surgery,magdalena@gmail.com
975,Georgetta,Hospice and Palliative Care,georgetta@gmail.com
117,Lita,Otolaryngologists,lita@gmail.com
416,Fayre,Ophthalmology,fayre@gmail.com
955,Nollie,Endocrinologist,nollie@gmail.com
923,Lindie,Hospice and Palliative Care,lindie@gmail.com
354,Mary,Family Medicine,mary@gmail.com
773,Reeba,Geriatrician,reeba@gmail.com
437,Tera,Nephrology,tera@gmail.com
812,Marylou,Internists,marylou@gmail.com
976,Netty,Neurology,netty@gmail.com
720,Danny,Otolaryngologists,danny@gmail.com
603,Patricia,Cardiology,patricia@gmail.com
418,Danny,Ophthalmology,danny@gmail.com
734,Riannon,Pulmonologists,riannon@gmail.com
372,Myrtice,Geriatrician,myrtice@gmail.com
881,Louella,Anesthesiology,louella@gmail.com
654,Danika,Infectious disease,danika@gmail.com
561,Elka,Infectious disease,elka@gmail.com
900,Norine,Radiology,norine@gmail.com
452,Esmeralda,Psychiatry,esmeralda@gmail.com
849,Ketti,Infectious disease,ketti@gmail.com
528,Deirdre,Neurology,deirdre@gmail.com
450,Rhea,Cardiology,rhea@gmail.com
878,Kara-Lynn,Infectious disease,kara-lynn@gmail.com
274,Damaris,Neurology,damaris@gmail.com
374,Giustina,Nephrology,giustina@gmail.com
619,Shannah,Allergists,shannah@gmail.com
476,Shannah,Cardiology,shannah@gmail.com
236,Darlleen,Emergency Medicine,darlleen@gmail.com
461,Albertina,Otolaryngologists,albertina@gmail.com
291,Gusella,Pulmonologists,gusella@gmail.com
411,Shel,Psychiatry,shel@gmail.com
661,Priscilla,Anesthesiology,priscilla@gmail.com
188,Dorice,Otolaryngologists,dorice@gmail.com
373,Melodie,Endocrinologist,melodie@gmail.com
908,Oralee,Surgery,oralee@gmail.com
594,Bobbi,Allergists,bobbi@gmail.com
788,Leontine,Family Medicine,leontine@gmail.com
612,Dari,Dermatology,dari@gmail.com
243,Arlena,Family Medicine,arlena@gmail.com
916,Annecorinne,Pulmonologists,annecorinne@gmail.com
538,Cassondra,Endocrinologist,cassondra@gmail.com
552,Cecile,Internists,cecile@gmail.com
461,Kalina,Obstetric Anesthesiologists,kalina@gmail.com
949,Catharine,Dermatology,catharine@gmail.com
116,Dale,Anesthesiology,dale@gmail.com
232,Tani,Geriatrician,tani@gmail.com
272,Ardeen,Neurology,ardeen@gmail.com
179,Rivalee,Psychiatry,rivalee@gmail.com
748,Tomasina,Surgery,tomasina@gmail.com
447,Wileen,Nephrology,wileen@gmail.com
582,Petronia,Anesthesiology,petronia@gmail.com
548,Helena,Family Medicine,helena@gmail.com
775,Jsandye,Gastroenterology,jsandye@gmail.com
925,Alejandra,Critical Care Medicine,alejandra@gmail.com
893,Michaelina,Pulmonologists,michaelina@gmail.com
501,Cathyleen,Psychiatry,cathyleen@gmail.com
625,Ezmeralda,Anesthesiology,ezmeralda@gmail.com
877,Rubie,Allergists,rubie@gmail.com
281,Cyndie,Oncologist,cyndie@gmail.com
654,Anallese,Otolaryngologists,anallese@gmail.com
985,Anestassia,Obstetric Anesthesiologists,anestassia@gmail.com
457,Judy,Endocrinologist,judy@gmail.com
759,Leona,Gastroenterology,leona@gmail.com
364,Larine,Pediatrics,larine@gmail.com
838,Dorthy,Geriatrician,dorthy@gmail.com
112,Josephine,Pediatrics,josephine@gmail.com
949,Nananne,Surgery,nananne@gmail.com
810,Briney,Emergency Medicine,briney@gmail.com
702,Clarice,Dermatology,clarice@gmail.com
726,Tabbatha,Oncologist,tabbatha@gmail.com
800,Chrystel,Anesthesiology,chrystel@gmail.com
322,Deloria,Otolaryngologists,deloria@gmail.com
995,Loree,Anesthesiology,loree@gmail.com
898,Elsie,Internists,elsie@gmail.com
811,Kellen,Pediatrics,kellen@gmail.com
713,Chastity,Otolaryngologists,chastity@gmail.com
455,Maryellen,Oncologist,maryellen@gmail.com
599,Abbie,Anesthesiology,abbie@gmail.com
296,Arlena,Allergists,arlena@gmail.com
486,Lucy,Geriatrician,lucy@gmail.com
672,Nerta,Geriatrician,nerta@gmail.com
965,Flory,Obstetric Anesthesiologists,flory@gmail.com
892,Elora,Radiology,elora@gmail.com
519,Tilly,Ophthalmology,tilly@gmail.com
583,Marcelline,Dermatology,marcelline@gmail.com
487,Karena,Dermatology,karena@gmail.com
577,Tilly,Obstetric Anesthesiologists,tilly@gmail.com
630,Amii,Emergency Medicine,amii@gmail.com
275,Danny,Allergists,danny@gmail.com
426,Asia,Emergency Medicine,asia@gmail.com
203,Kore,Infectious disease,kore@gmail.com
990,Elbertina,Psychiatry,elbertina@gmail.com
158,Shauna,Surgery,shauna@gmail.com
897,Vinita,Psychiatry,vinita@gmail.com
182,Belva,Otolaryngologists,belva@gmail.com
536,Dorene,Geriatrician,dorene@gmail.com
277,Chere,Internists,chere@gmail.com
407,Bill,Hospice and Palliative Care,bill@gmail.com
506,Tersina,Critical Care Medicine,tersina@gmail.com
843,Lanae,Oncologist,lanae@gmail.com
142,Felice,Infectious disease,felice@gmail.com
910,Margette,Surgery,margette@gmail.com
702,Renie,Endocrinologist,renie@gmail.com
443,Dorene,Cardiology,dorene@gmail.com
637,Lorenza,Ophthalmology,lorenza@gmail.com
464,Alex,Internists,alex@gmail.com
714,Mariann,Obstetric Anesthesiologists,mariann@gmail.com
800,Elie,Pulmonologists,elie@gmail.com
991,Ericka,Dermatology,ericka@gmail.com
183,Elmira,Oncologist,elmira@gmail.com
898,Doro,Anesthesiology,doro@gmail.com
106,Aigneis,Cardiology,aigneis@gmail.com
633,Laure,Cardiology,laure@gmail.com
418,Ardenia,Pediatrics,ardenia@gmail.com
545,Lenna,Emergency Medicine,lenna@gmail.com
837,Imojean,Family Medicine,imojean@gmail.com
752,Alex,Surgery,alex@gmail.com
493,Micheline,Ophthalmology,micheline@gmail.com
335,Deedee,Surgery,deedee@gmail.com
201,Fred,Surgery,fred@gmail.com
500,Lanna,Cardiology,lanna@gmail.com
329,Natka,Neurology,natka@gmail.com
939,Corene,Otolaryngologists,corene@gmail.com
129,Aurelie,Gastroenterology,aurelie@gmail.com
944,Oona,Ophthalmology,oona@gmail.com
194,Silvana,Allergists,silvana@gmail.com
197,Stephanie,Nephrology,stephanie@gmail.com
830,Anthia,Endocrinologist,anthia@gmail.com
103,Elie,Endocrinologist,elie@gmail.com
265,Jerry,Psychiatry,jerry@gmail.com
485,Merrie,Pediatrics,merrie@gmail.com
344,Alyssa,Geriatrician,alyssa@gmail.com
294,Almeta,Allergists,almeta@gmail.com
147,Joeann,Radiology,joeann@gmail.com
642,Sallie,Otolaryngologists,sallie@gmail.com
555,Corene,Internists,corene@gmail.com
375,Talya,Surgery,talya@gmail.com
490,Gratia,Cardiology,gratia@gmail.com
228,Mallory,Hospice and Palliative Care,mallory@gmail.com
104,Caritta,Allergists,caritta@gmail.com
933,Karlee,Internists,karlee@gmail.com
350,Jaclyn,Dermatology,jaclyn@gmail.com
223,Sam,Dermatology,sam@gmail.com
512,Phylis,Gastroenterology,phylis@gmail.com
919,Lucy,Ophthalmology,lucy@gmail.com
632,Aili,Emergency Medicine,aili@gmail.com
689,Gabi,Ophthalmology,gabi@gmail.com
895,Tarra,Psychiatry,tarra@gmail.com
405,Carolina,Infectious disease,carolina@gmail.com
453,Vere,Geriatrician,vere@gmail.com
449,Elfreda,Obstetric Anesthesiologists,elfreda@gmail.com
900,Mady,Geriatrician,mady@gmail.com
342,Olivette,Emergency Medicine,olivette@gmail.com
600,Marinna,Emergency Medicine,marinna@gmail.com
453,Noelle,Geriatrician,noelle@gmail.com
202,Verla,Psychiatry,verla@gmail.com
417,Deloria,Radiology,deloria@gmail.com
382,Annice,Psychiatry,annice@gmail.com
444,Collen,Surgery,collen@gmail.com
842,Aaren,Surgery,aaren@gmail.com
593,Carmela,Pediatrics,carmela@gmail.com
269,Cacilie,Otolaryngologists,cacilie@gmail.com
450,Magdalena,Pediatrics,magdalena@gmail.com
145,Joeann,Otolaryngologists,joeann@gmail.com
900,Wendi,Family Medicine,wendi@gmail.com
117,Valera,Geriatrician,valera@gmail.com
956,Edyth,Neurology,edyth@gmail.com
639,Cordi,Surgery,cordi@gmail.com
977,Daryl,Psychiatry,daryl@gmail.com
586,Glenda,Geriatrician,glenda@gmail.com
110,Olivette,Endocrinologist,olivette@gmail.com
197,Carmencita,Pediatrics,carmencita@gmail.com
127,Pollyanna,Pulmonologists,pollyanna@gmail.com
956,Danika,Surgery,danika@gmail.com
754,Riannon,Anesthesiology,riannon@gmail.com
556,Kellen,Critical Care Medicine,kellen@gmail.com
656,Leontine,Radiology,leontine@gmail.com
427,Gabriellia,Emergency Medicine,gabriellia@gmail.com
178,Shaylyn,Emergency Medicine,shaylyn@gmail.com
334,Chickie,Internists,chickie@gmail.com
811,Fina,Geriatrician,fina@gmail.com
699,Chickie,Infectious disease,chickie@gmail.com
726,Tomasina,Allergists,tomasina@gmail.com
712,Reeba,Surgery,reeba@gmail.com
689,Belinda,Internists,belinda@gmail.com
268,Demetris,Emergency Medicine,demetris@gmail.com
929,Aryn,Obstetric Anesthesiologists,aryn@gmail.com
489,Sam,Nephrology,sam@gmail.com
492,Marita,Surgery,marita@gmail.com
910,Kellen,Endocrinologist,kellen@gmail.com
365,Roz,Neurology,roz@gmail.com
570,Elise,Family Medicine,elise@gmail.com
505,Jobi,Pulmonologists,jobi@gmail.com
890,Nollie,Ophthalmology,nollie@gmail.com
400,Rosaline,Pediatrics,rosaline@gmail.com
403,Mallory,Hospice and Palliative Care,mallory@gmail.com
851,Shel,Cardiology,shel@gmail.com
952,Oona,Family Medicine,oona@gmail.com
401,Joelly,Gastroenterology,joelly@gmail.com
169,Maud,Gastroenterology,maud@gmail.com
616,Roseline,Pulmonologists,roseline@gmail.com
604,Karena,Psychiatry,karena@gmail.com
878,Allis,Neurology,allis@gmail.com
437,Cecile,Emergency Medicine,cecile@gmail.com
455,Nelle,Otolaryngologists,nelle@gmail.com
524,Christy,Endocrinologist,christy@gmail.com
890,Fredericka,Family Medicine,fredericka@gmail.com
464,Nollie,Emergency Medicine,nollie@gmail.com
229,Althea,Gastroenterology,althea@gmail.com
509,Dorice,Allergists,dorice@gmail.com
603,Frances,Gastroenterology,frances@gmail.com
928,Doralynne,Neurology,doralynne@gmail.com
158,Codie,Otolaryngologists,codie@gmail.com
855,Di,Emergency Medicine,di@gmail.com
483,Isa,Ophthalmology,isa@gmail.com
745,Margalo,Pediatrics,margalo@gmail.com
997,Georgina,Obstetric Anesthesiologists,georgina@gmail.com
383,Dolli,Endocrinologist,dolli@gmail.com
151,Karly,Internists,karly@gmail.com
236,Emma,Critical Care Medicine,emma@gmail.com
702,Mamie,Pediatrics,mamie@gmail.com
702,Jean,Otolaryngologists,jean@gmail.com
147,Consuela,Oncologist,consuela@gmail.com
955,Fidelia,Nephrology,fidelia@gmail.com
975,Caritta,Surgery,caritta@gmail.com
956,Helsa,Critical Care Medicine,helsa@gmail.com
220,Carly,Emergency Medicine,carly@gmail.com
431,Dulcinea,Pediatrics,dulcinea@gmail.com
346,Coral,Anesthesiology,coral@gmail.com
636,Tori,Oncologist,tori@gmail.com
757,Beth,Psychiatry,beth@gmail.com
370,Sindee,Anesthesiology,sindee@gmail.com
900,Marnia,Infectious disease,marnia@gmail.com
694,Rosabelle,Pulmonologists,rosabelle@gmail.com
935,Chastity,Geriatrician,chastity@gmail.com
324,Christal,Oncologist,christal@gmail.com
306,Lindie,Nephrology,lindie@gmail.com
451,Steffane,Allergists,steffane@gmail.com
238,Cathie,Allergists,cathie@gmail.com
777,Lucille,Internists,lucille@gmail.com
594,Roseline,Pediatrics,roseline@gmail.com
387,Nadine,Nephrology,nadine@gmail.com
305,Christy,Nephrology,christy@gmail.com
284,Adore,Endocrinologist,adore@gmail.com
421,Chickie,Emergency Medicine,chickie@gmail.com
258,Elvira,Endocrinologist,elvira@gmail.com
745,Celene,Pulmonologists,celene@gmail.com
709,Gretal,Oncologist,gretal@gmail.com
391,Shandie,Oncologist,shandie@gmail.com
995,Nikki,Psychiatry,nikki@gmail.com
369,Kimberley,Internists,kimberley@gmail.com
715,Andeee,Hospice and Palliative Care,andeee@gmail.com
618,Melanie,Oncologist,melanie@gmail.com
189,Cam,Internists,cam@gmail.com
791,Charmaine,Allergists,charmaine@gmail.com
119,Lanna,Hospice and Palliative Care,lanna@gmail.com
658,Corina,Oncologist,corina@gmail.com
